asin,category_tags,category,description,title,also_buy,image,brand,feature,rank,also_view,similar_item,price,price_range,replacement_asin,avg_customer_reviews,response
B00062NHH0,breadcrumb,"Clothing, Shoes & Jewelry > Men > Clothing > Underwear > Undershirts",100% Cotton. Imported. Machine Wash. Made in Bangladesh. 3 per pack,Calvin Klein Men's 3-Pack Classic V-Neck T-Shirt,"['B07C31DCN5', 'B00062WT2E', 'B077F7YV8Y', 'B075ZNPX8D', 'B075Y6W93M', 'B075P6DDKW', 'B07K6T8W7J', 'B0091MIBAY', 'B075QFCKJM', 'B075QDMCV6', 'B003IKQ7F6', 'B000P555BE', 'B00KLV6K3Y', 'B075CQTN44', 'B075ZNK84K', 'B07C36GTQT', 'B075NZN43Y', 'B06VW5NZ1B', 'B07H9WHMRL', 'B07FB2ZQHP', 'B075QDSYMV', 'B077VRJ4WW', 'B00V0G8SMK', 'B078J53D56', 'B00062WSNO', 'B075QCXSS7', 'B00KSU6PLK', 'B011MIYLO4', 'B075R9ZKHV', 'B07LG2KYQR', 'B077DL5QMB', 'B008NCGHCW', 'B0018OLTAC', 'B00751E6HA', 'B07BL2Z772', 'B000FE98IG', 'B076VKHWCY', 'B07B4CYPND', 'B07C16C768', 'B00W57W7P2', 'B07BTNDQM6', 'B07BT8M5G7', 'B00N42EJQM', 'B07DW4J8YY', 'B07CLGCTYR', 'B077D2Z9RL', 'B017EZABA2', 'B006ZSYQOW', '1721539034', 'B07615L62L', 'B07BMDZ133', 'B075QDNF9X', 'B073ZMV793', 'B0759JKJVY', 'B079QLQF84', 'B07HJWV8HK', 'B07CWQ9D54', 'B06Y4CJVQY', 'B0775F3D2C', 'B07HYVY5C7', 'B06XCQKTKR', 'B07KVVPLZW', 'B000CBOTQ8', '1945256540', 'B07GRTFSH4', 'B077DQJX9K', 'B01K1JQSWS', 'B0041KVZ1I', 'B00ASBOPA2']",https://images-na.ssl-images-amazon.com/images/I/31pOABfXYwL.jpg | https://images-na.ssl-images-amazon.com/images/I/31kHQlSr%2BWL.jpg | https://images-na.ssl-images-amazon.com/images/I/41oAAfRSC3L.jpg,Calvin Klein,"{""Package Dimensions"": ""10.3 x 9.8 x 1.6 inches"", ""Shipping Weight"": ""1.05 pounds (View shipping rates and policies)"", ""Item model number"": ""M9065""}","55,254 in Clothing, Shoes &amp; Jewelry (","['B07C31DCN5', 'B07C36GTQT', 'B075QDMCV6', 'B075P6DDKW', 'B00062WT2E', 'B07GHQZJQV', 'B075Y6W93M', 'B075QG1FG5', 'B07FB2ZQHP', 'B07615L62L', 'B0091MIBAY', 'B075QFCKJM', 'B07CRWWDQJ', 'B001PTGB3A', 'B077VRJ4WW', 'B07G5PFRXW', 'B00ACIF9WE', 'B079ZNF9Y3', 'B00U4AE5JS', 'B07CZBG13R', 'B000P555BE', 'B00KLV6K3Y', 'B01BGZ7906', 'B07CRSXC53', 'B00N5PLNHG', 'B07GHR33Q9', 'B077GM1FTN', 'B01FUW46RK', 'B00KNQY6VK', 'B07617BBPN', 'B06X3WTNLQ', 'B0761BBJMH', 'B077HL5GZY', 'B01MU5XF0K', 'B07C16C768', 'B00ACIFB5Y', 'B07G9HR97R', 'B00H4SOJ2Q', 'B07CKJ4ZP8', 'B077F6WHM9', 'B01LY9UJAC', 'B06W53MKFT', 'B07BBB6BY4', 'B00ACIFB90', 'B07LG2KYQR', 'B00KNQY6ME', 'B013IODYKM', 'B07FGPC3FG', 'B07L4ZT7PW', 'B0050AFX48', 'B00WO4BJ1O', 'B0734SHJLP', 'B06XGXBY79', 'B077F7YV8Y', 'B00BIZUBOG', 'B00KBZOB0O']",,39.95,23.97 - 39.95,,3.9 out of 5 stars,200
B0190LOMCQ,search,"Clothing, Shoes & Jewelry","You‚Äôll simply love just how easy this Brock String is to use! This Brock String is 6 feet long and comes with 5 beads that fit nicely on the string so you can train convergence at different angles. All you have to do is hold an end against your nose, and try to bring your eyes together at the center of each bead. Click 'Add to Cart‚Äô now!. SPORTS PERFORMANCE: With a 6-foot long string and 5 tight-fitted beads, this Brock String is great for training the eyes in sport-specific positions ‚Äì giving you the ultimate athletic edge.. EASY TO USE: You can use Brock String right from the comfort of your home with a very short learning curve involved.. HIGH QUALITY: This Brock String is designed with an extremely high quality, and highly durable string and beads.. Instructions Included","Brock String - Vision Convergence Training Tool - Train Vision, Improve Strength &amp; Athletic Performance, and More!","['1935567179', 'B015EMXVMW', 'B01F41IQ5K', 'B003LX6ZDE', '0465020739', 'B003TXPPRI', 'B071JPMGQS', 'B01MEFCDD1', 'B075881G1K', '1556425953', '0805002413', 'B00YO6TOU8', 'B077T547ZY', '0740745271', '0803639708', '0465009131', '1547007087', 'B076SB1CQK', '1985229226', '1623170087', '1515025020', '0982221134', 'B00E5PLCVC', '0517886049', '0143108298', 'B000TTZMCS', '1556429371', '0989266451', 'B01MG0NMQT', 'B076RW8GHQ', '1732334404', '1938008006', 'B001BP14N0', '0984177949', '0757003990', 'B074JJPPP5', 'B00DBNVGFQ', 'B003M96GY0', 'B0042XALSC', 'B01ANJXCU2', '1533588090', 'B07BP8P5YP', 'B01BY2GE3O', 'B00JZYEX3C', '0985718625', 'B00E7V7CWW', 'B01MTR8WO8', 'B01N8TMMK5', '0143113100', '0684853949', 'B00YD5AU9O', 'B0753YDLLH', 'B077MXCJPC', 'B01H6C24HQ', 'B000USRG90', 'B07MHRHXLW', 'B01I0KV0R8', 'B00UFX19H0', 'B005LFQ5QW', 'B07GXCV3VQ', 'B01J554SLM', 'B000E59HXC', 'B076VZR7LK', 'B00S0QDD8C', 'B01HNKBMHO', 'B000KKTFGK', '162860266X']",https://images-na.ssl-images-amazon.com/images/I/51exSDEgFiL.jpg,BFR BANDS,"{""Package Dimensions"": ""5.8 x 5.8 x 1.3 inches"", ""Shipping Weight"": ""0.8 ounces (View shipping rates and policies)""}","41,041 in Clothing, Shoes & Jewelry (","['B01MEFCDD1', 'B075881G1K', 'B077T547ZY', 'B071JPMGQS', '1935567179', 'B01F41IQ5K', '0465020739', 'B015EMXVMW', 'B074JJPPP5', '0740745271', 'B00E5PLCVC', '1556425953', 'B003TXPPRI', '1623170087', 'B075NK8N3B', 'B003LX6ZDE', 'B019GE4WS6', '0684814382', '0757003990', '1515025020', 'B00EPPWK7M', '0517886049', '1583240039', 'B00N2H2LCI', '1439221790', '1985229226', '0805002413', 'B0042XALSC', 'B01ANJXCU2', '1451175256', '194378700X', 'B004HN2U7W', '0963265709', 'B000TTZMCS', 'B076SB1CQK', 'B01L97IYUK', 'B07CZMFVQR', 'B003OXNFH0']",,7.99,,,4.5 out of 5 stars,200
B00HV713ME,search | department,"Clothing, Shoes & Jewelry | Mens","60% Cotton, 40% Polyester. Imported. Button closure. Machine Wash. Long Sleeve Casual Button Down. Basic Colors",Dockers Men's No Wrinkle Long Sleeve Button-Front Shirt,"['B06VT3B6CW', 'B00TIZIMQ2', 'B07123LZWX', 'B004XACUZQ', 'B07BQG4YW3', 'B075QTLG31', 'B075SPM7W1', 'B07LGDZSN5', 'B075JR5VPG', 'B0711B4YLH', 'B075R4GX6R', 'B01MS3ZXNL', 'B00RZU8VO0', 'B0195KR6AM']",https://images-na.ssl-images-amazon.com/images/I/41NentxJvpL.jpg,Dockers,"{""Package Dimensions"": ""14.7 x 9.6 x 1.1 inches; 9.6 Ounces"", ""Item model number"": ""8BV11L""}","656,635 in Clothing, Shoes & Jewelry (","['B07123LZWX', 'B07K5W3XRV', 'B00TIZIMQ2', 'B075JR5VPG', 'B06VT3B6CW', 'B01HTZOM16', 'B06XS4VQKJ', 'B075R4GX6R', 'B0711B4YLH', 'B075QTLG31', 'B06XBC34ZB', 'B06XSKCDRL', 'B00O2Y477C', 'B004XACUZQ', 'B075SPM7W1', 'B07H344GKC', 'B07DFJXQ9F', 'B075J719J5', 'B00RZU8VO0', 'B07GZDW5VQ', 'B071PCQC9M', 'B078N2KNFT', 'B0756KYV72', 'B079MDR22W', 'B06XTWMKRP', 'B06XS2WNM4', 'B079D493J7', 'B075SX69K6', 'B076J3GT1G', 'B06XWM87KW', 'B07CVCKDRJ', 'B077QTSTYB', 'B01JU4WZTU', 'B07C5SXQ14', 'B07L19M4PW', 'B0018OLTAC']",,29.99,,,4.3 out of 5 stars,200
B00N1SZXSM,search,"Clothing, Shoes & Jewelry",,Womens Retro Vintage Chiffon Polka Dot Lapel Long Sleeve Shirt Blouse Tops E456,[],https://images-na.ssl-images-amazon.com/images/I/61uEZKLYwrL.jpg | https://images-na.ssl-images-amazon.com/images/I/61lW4mLvywL.jpg | https://images-na.ssl-images-amazon.com/images/I/51SJZAbTR5L.jpg | https://images-na.ssl-images-amazon.com/images/I/51lHpuH7rEL.jpg | https://images-na.ssl-images-amazon.com/images/I/51e%2BAXI27RL.jpg | https://images-na.ssl-images-amazon.com/images/I/61qZoN9SiWL.jpg,Zeagoo,{},"2,458,078 in Clothing, Shoes & Jewelry (",[],,,,,3.5 out of 5 stars,200
B01HEISONU,breadcrumb | rank,"Clothing, Shoes & Jewelry > Girls | Clothing, Shoes & Jewelry > Girls' Fashion","100% Rubber. FUN & FUNCTIONAL: Colorful, exciting patterns make these boots super stylish and fun. Your child is sure to find something they love with the variety of designs offered. Don't forget to make it a set with other coordinating Stephen Joseph products!. SPECIAL FEATURES: Great for rainy days and playing in puddles, these rainboots will keep little toes dry and warm on a wet day. With handy loops to help kids get them on easily, your child will have no problem wearing these shoes. Good grip rubber soles will help kids stay on their feet in slippery conditions, too.. HIGH QUALITY: Made with a rubber exterior and polyester lining inside, these boots will have no problem keeping moisture out while your child plays. They're made to last with a durable construction and are also easy to wipe clean for the next time you need them.. PERFECT FIT: A variety of sizes helps to make sure you can find a great fit for your child of any age. We're sure they're going to love these rainboots!",Stephen Joseph Girls' Rain Boots,"['B07JG2J3ZH', 'B01KJFBYFA', 'B01N2TZAMH', 'B07JFG5M1F', 'B07KGRMW49', 'B07JN951PH', 'B07CZ986D7', 'B00BW02W76', 'B07D3LNR67', 'B00IRLIOK2', 'B003ELOPZS', 'B0051I1EQA', 'B07K87T36F', 'B07CZTV6ZH', 'B07CZG2SLZ', 'B07JMKHVCF', 'B01MU2VXW6', 'B01N141QAI', 'B07JMX8NTX', 'B00I5SOSMU', 'B00DT7M2ES', 'B07JN5RBSS', 'B07CY9ZX2Q', 'B07GVJM9YL', 'B074CKDGD9', 'B07CY4QCNK', 'B00K9EP2DW', 'B07DLR8ZSQ', 'B07BXBJBG2', 'B06XRKBTYR', 'B00BGU7Y8E', 'B07D1DTD7Y', 'B07D4939Y9', 'B07G3885QF', 'B07B2V3RZ7', 'B071HYT2X2', 'B07GTT53BW', 'B07B87PYXH', 'B077YR8SLL', 'B07B44XR5N', 'B07D12JJBW', 'B00EG1QX8M', 'B005WW0RSG', 'B00K9EPCQ4', 'B06XJHHM1B', 'B07HPSLL3M', 'B00DPDOD52', 'B01LYATBOA', 'B01E06537O', 'B07CMMGJKD', 'B018JUK69C', 'B004NWK4W0', 'B0742JQMXY', 'B00B7HCMSS', 'B00WQR47DQ', 'B077678K7V', 'B06XYBQ9W2', 'B07KJPFXQP', 'B013H29Q4I', 'B01M7U7VVI', 'B07D3LQ5DB', 'B01N4IELY9', 'B00N1OO6EI', 'B07DRGCX5J', 'B07C35G3DH', 'B07K2SK3KM', 'B01G7JOHEC', 'B00IE72O7I', 'B075N8W9VK', 'B07BSLN3BB', 'B01N6GW7B5', 'B005LOO0X8', 'B07D5JQ17K', 'B07HK3V558', 'B072QFFMGB', 'B01BNK9UZ6', 'B07D6JFYS6', 'B01E4HU5ZO', 'B07C85LV38', 'B013H2CHXU', 'B07CZW8ML3', 'B01CA1GAB4', 'B07CKGBK92', 'B07FQ169WV', 'B017Y0RCVI', '0374308721', 'B07BQMRHP1', 'B01LW9M27Q', '1729099793', 'B01N5T2J73', 'B00FJ5V4PQ', 'B07MMZNWS9', 'B07CZ776VF', 'B01GIMUX0A', 'B075HPLYRP', 'B07CKX6FLB', 'B07GPWD9K3', 'B0743BLVJM']",https://images-na.ssl-images-amazon.com/images/I/41cfnpxSEAL.jpg | https://images-na.ssl-images-amazon.com/images/I/41Q1WZXiogL.jpg | https://images-na.ssl-images-amazon.com/images/I/41M-ue8nYKL.jpg | https://images-na.ssl-images-amazon.com/images/I/5146M7ZG6yL.jpg | https://images-na.ssl-images-amazon.com/images/I/419E6hEOQkL.jpg | https://images-na.ssl-images-amazon.com/images/I/51g59BFi3rL.jpg | https://images-na.ssl-images-amazon.com/images/I/51Kf0InGRFL.jpg | https://images-na.ssl-images-amazon.com/images/I/51bf4VLp3UL.jpg,Stephen Joseph,"{""Item model number"": ""SJ880121 06""}","30,238 in Clothing, Shoes & Jewelry (","['B01KJFBYFA', 'B07JFG5M1F', 'B07JG2J3ZH', 'B07JN951PH', 'B06XRKBTYR', 'B00OU4X37E', 'B07H4VWXG3', 'B00B7HCMSS', 'B00BW02W76', 'B00VZZWR8C', 'B07FTL5Q6X', 'B0758Y1LWJ', 'B00BW031LC', 'B07C1H15FP', 'B074CKDGD9', 'B07JW614Z6', 'B07D3LNR67', 'B07GVJM9YL', 'B01N2TZAMH', 'B07H3JXYHD', 'B07CH15CYZ', 'B07CKX6FLB', 'B07C35G3DH', 'B078TCPKPK', 'B07F2BRKSC', 'B07KRLZ84T', 'B074TJ15J1', 'B07KJPFXQP', 'B001CMECHM', 'B07C2XDB5R', 'B00YW73UNQ', 'B07BXBJBG2', 'B07G7J5PKV', 'B074F4JD1P', 'B07DDQ3X5H', 'B0051I1EQA', 'B01N4IELY9', 'B0798J37MY', 'B003AU4AK8', 'B07GZ8GXCY', 'B07F1W34KV', 'B06XSJF7HD', 'B07HMFB5Y4', 'B07FQY9RQT', 'B01DCG9DH4', 'B0788PLFZ7', 'B00K9EPCQ4', 'B07G77LZ3K', 'B07J57DM2F', 'B07JH11VM9']",,39.99,23.41 - 39.99,,4.5 out of 5 stars,200
B018K0X9RC,search,"Clothing, Shoes & Jewelry",,OVERMAL Women's Long Sleeve A-line Lace Stitching Trim Mini Dress (ASIA XL = US 10),"['B01COIT4IO', 'B075LFY611', 'B00UJ82OYS', 'B00URFCNXU', 'B07F8XCDJQ', 'B01B16CH84', 'B01M9AQMJU', 'B01LX4WJH4', 'B0714Q51LJ', 'B01N6QN68K', 'B00SCX46D4', 'B01EL7EMGU', 'B01MCZGUPH', 'B01EMHLZB4', 'B01NBHYD6W', 'B01EOJZTTO', 'B01N6J393C', 'B00V51EQB2', 'B0754QBK13', 'B01IM05F5O', 'B01I1C7894', 'B01M235CLE', 'B00UYNHY0C', 'B00Q4355JI', 'B01FZ6NGOA', 'B07CS4X79Q', 'B01MT8GVX3', 'B018KCZRK2']",https://images-na.ssl-images-amazon.com/images/I/61FSx5hTb-L.jpg | https://images-na.ssl-images-amazon.com/images/I/51NgrWSODsL.jpg | https://images-na.ssl-images-amazon.com/images/I/51NgrWSODsL.jpg,Overmal dress,"{""Package Dimensions"": ""13.9 x 11 x 1.3 inches"", ""Shipping Weight"": ""8.8 ounces""}","1,025,472 in Clothing, Shoes & Jewelry (",[],,,,,3.0 out of 5 stars,200
B01D866GUU,search,"Clothing, Shoes & Jewelry",,Girls Pajamas Cats Kids Cotton Clothes Oufit Toddler 2 Piece Shorts Set Grey 6T,"['B078PGKKG4', 'B01ASUWSLA', 'B0755DDRD5', 'B077P2NJ43', 'B06X8ZMNJ1', 'B07HNYYWCH']",https://images-na.ssl-images-amazon.com/images/I/51nC6KrNMIL.jpg | https://images-na.ssl-images-amazon.com/images/I/51fwZNEKTeL.jpg | https://images-na.ssl-images-amazon.com/images/I/51P7uZq3cLL.jpg,PHOEBE CAT,"{""Package Dimensions"": ""7.6 x 4.8 x 1.6 inches"", ""Shipping Weight"": ""2.4 ounces""}","1,545,275 in Clothing, Shoes & Jewelry (",[],,,,,,200
B00O4UYXC8,rank,"Clothing, Shoes & Jewelry > Men's Work Utility & Safety Pants","Red Kap Men's Double Knee Shop Pants. Double knees for superior durability. Stretch Canvas fabric for added flexibility. Concealed, no-scratch button closure at the waistband to protect your work.Born in the garage, these pants are packed with features meant specifically for the automotive industry. And they're only from Red Kap.The Red Kap Done Right Guarantee:PROVEN DURABILITY.Red Kap challenges industry experts to put our workwear to the test. We test, tweak, and repeat until it'sDone Right.COMFORT.Comfortable fabric and a regular fit free you to bend and move with ease, even in tight-spaces and difficult conditions.FUNCTION.Engineered with:Touchtex Technologyfor breathable comfort, strong colors and stain-resistance.ZeroSkratch Collectionmeans worry-free workwearIL Stretch Canvas Fabrictakes comfort and durability to a new level. A Red Kap Exclusive.Double Layer Kneesresist wear and tear but are shaped for easy bending.Covered Buttonsso if anybody scratches that perfect paint job, it won‚Äôt be you.Inseam Gussetmeans room to crouch, bend and stretch with ease.Stretch Waistbandexpands up to 3 inches, then goes right back into shape.Two (2) Jean-Style front pockets.Two (2) Oversize hip pockets.No-Scratch Cargo Pocket on left leg.Unique Double-Pocket Design on right leg.CLEAN-ABILITY.With each wash, thestain-resistantfabric releases soil, dirt and grease, all while retaining its original color and comfortable fit.DESIGNED WITH PRIDE.Red Kap Workwear is geared for the garage, crafted for the carmakers, and perfect for any job requiring someelbow grease. 54% Polyester , 42% Cotton , 4% Spandex. Imported. Zipper closure. Pant label length may state a finished dimension (34U, 36U, 37U) depending on the style, as items are cut to order.. REINFORCED DOUBLE KNEES. Lasting, durable double-knees resist wear and tear but are shaped for easy movement.. ZERO SCRATCH. Worry-free, covered button closure at the waistband protects that perfect paint job.. STRETCH CANVAS WAISTBAND. Expands up to 3 inches and retains original shape for maximum comfort.. FULL INSEAM GUSSET. Room to crouch, bend, and stretch with ease.. HEAVY-DUTY POCKETS. Specialty pockets made to hold wrenches, keys, lug nuts and everything in-between.",Red Kap Men's Double Knee No-Scratch Shop Pants,"['B00O4UZ4TE', 'B01N2TYN7L', 'B0731NXVH4', 'B00O4UZCU0', 'B00O973OM6', 'B00O972ZAI', 'B00O9734IK', 'B00O4UZ19W', 'B00O973B24', 'B00O97199Q', 'B00O973MDC', 'B00O4UZ55C', 'B07FL7KN77', 'B00O973OIK', 'B00O4UYXSC', 'B00O971RHU', 'B00O4UYUAS', 'B01N4EW1MD', 'B072ZVVF1D', 'B00BY14TD8', 'B005E0KDHG', 'B008RMGCNM', 'B00O971MHK', 'B00O9733YU', 'B000NPDL76', 'B00GPRUA2K', 'B019XDXKSI', 'B00O4UYUF8', 'B00O4UZCTG', 'B00O971RDY', 'B07BMWSMV6', 'B00O9NNILC', 'B00O9731R4', 'B00O4UYXA0', 'B071Z6GVPV', 'B074DSP84G', 'B003X0B7IS', 'B002G9U3WS', 'B0725X2QRK', 'B000NABEZM', 'B0717547BH', 'B07CGB223J', 'B0099DPY6E', 'B076QB4BQL', 'B013TOIGCM', 'B0002SRFOE', 'B00I4R2SVK', 'B014US26JU', 'B008HF8NL8', 'B078HXP4TJ', 'B074C2VTB4', 'B000VWE66Q', 'B005F28HBM', 'B016TIL6FO', 'B07C9BXG5T', 'B000X4KNTG', 'B07L49QYRR', 'B07CNCPMMK', 'B01MR0M4LU', 'B000MQ9H4W', 'B015JCE60I', 'B000HE6H6K', 'B000P50YLK', 'B00C0YKJ6E', 'B07C9ZH1N7', 'B0019CR10A', 'B004FTPWKK', 'B00XKXI402', 'B077ZYMK1W', 'B002G9UEFE', 'B00EAN2JHU', 'B000A4SZ1M', 'B0002WSFTO', 'B01I40ZQWE', 'B01IU8PVT8', 'B00V3X37MQ', 'B00OXUPFDU', 'B071CKD163', 'B000N8TKP0', 'B00B6EDBF0', 'B008LM56T4', 'B00MGSGRIS', 'B000N8Q57Q', 'B0058FSZD6', 'B0001ZI4K2', 'B06XQTDQPG', 'B002G9U7QU', 'B007PDBHBG', 'B078S1RWGL', 'B01HEJECYE', 'B07BTPX4ZK', 'B01MU71YWR', 'B00L2BMPRW', 'B007Y3O8KY', 'B001CZODH8', 'B00O971DVA']",https://images-na.ssl-images-amazon.com/images/I/417Nrkbx%2BzL.jpg | https://images-na.ssl-images-amazon.com/images/I/41gS%2B2iwwxL.jpg | https://images-na.ssl-images-amazon.com/images/I/41Ckv83fGFL.jpg | https://images-na.ssl-images-amazon.com/images/I/41TGQMCgGjL.jpg | https://images-na.ssl-images-amazon.com/images/I/31eh3apOnvL.jpg,Red Kap,"{""Package Dimensions"": ""14 x 11 x 1.2 inches"", ""Shipping Weight"": ""1.4 pounds (View shipping rates and policies)"", ""Item model number"": ""PT2A""}","27,086 in Clothing, Shoes & Jewelry (","['B00O4UYXSC', 'B00O4UZCU0', 'B0731NXVH4', 'B01N2TYN7L', 'B00O4UZ19W', 'B072ZVC9D7', 'B00O4UZCTG', 'B00O4UYND2', 'B00O4UZ55C', 'B00O4UYORC', 'B00O4UYNHI', 'B00O4UYOOU', 'B00O4UYXA0', 'B00O4UZCWI', 'B00O54MB3G', 'B00O4UZ4TE', 'B00O4UYUAS', 'B019XDXKUG', 'B01MZ2O05F', 'B003X0B7IS', 'B07892JPPS', 'B014W12J24', 'B072ZVVF1D', 'B00O972ZAI', 'B00GPRUA2K', 'B008RMGCNM', 'B00BY14TD8', 'B002G9U3WS', 'B01N0QUT1G', 'B000A4SZ1M', 'B00O973OIK', 'B005F28HBM', 'B002G9U6BG', 'B0099DPY6E', 'B00O9734IK', 'B0757HRV1B', 'B0796DQP1P', 'B008HF8NL8', 'B00O4UYU62', 'B075F8L8VG', 'B00O4UZ1CE', 'B00O9731R4', 'B00O4UYS28', 'B000EIUBFM', 'B00O4UYRRO', 'B00XKXI402', 'B077NMQZDS', 'B075ZTLHSV', 'B000N8TKP0', 'B00O973OM6', 'B00O4UYUF8', 'B07D2CKQMH', 'B00O973B24', 'B01N4E0K96', 'B00O4UYN6O', 'B00I4R2SVK', 'B07288V87S', 'B002G9U7QU', 'B00O9Z1JMU', 'B07CB986FG']",,70,30.99 - 70.00,,4.5 out of 5 stars,200
B00DR4918S,search,"Clothing, Shoes & Jewelry",,Uoften Women&iexcl;&macr;s Sexy Peplum Lace Shirt Trendy Sleeveless Blouse Black L,[],https://images-na.ssl-images-amazon.com/images/I/41gaxXG6KtL.jpg,Lantomall,{},"5,237,814 in Clothing, Shoes & Jewelry (",[],,,,,3.5 out of 5 stars,200
B00FPFBCFW,search,"Clothing, Shoes & Jewelry",,Finejo Women's Printing Chiffon White Shirt Medium,[],https://images-na.ssl-images-amazon.com/images/I/41LCTxMEq0L.jpg | https://images-na.ssl-images-amazon.com/images/I/51tNnm6kE7L.jpg | https://images-na.ssl-images-amazon.com/images/I/41rdEDOyyTL.jpg | https://images-na.ssl-images-amazon.com/images/I/51diXxd%2BSnL.jpg | https://images-na.ssl-images-amazon.com/images/I/315z6LYNaXL.jpg,FINEJO,{},"2,472,873 in Clothing, Shoes & Jewelry (",[],,,,,4.0 out of 5 stars,200
B009MQO432,breadcrumb | rank | rank,"Clothing, Shoes & Jewelry > Men > Shoes > Athletic > Cycling | Clothing, Shoes & Jewelry > Men's Cycling Shoes | Clothing, Shoes & Jewelry > Men's Shops",Best value cycling shoes with sealed Pedals,Venzo Mountain Bike Bicycle Cycling Shimano SPD Shoes + Sealed Pedals,"['B07CQB8VCX', 'B07HVWB1QZ', 'B07DVFJPTR', 'B0761V17PT', 'B07CS1YRTN', 'B01LW5RK3A', 'B07B9JDT14', 'B07CKDJTPG', 'B078XCN89Y', 'B07C9D13LS', 'B07BHXNL1J', 'B00HPL18ZI', 'B078YQNNHS', 'B07435J6XM', 'B07DQRQBW5', 'B07FTCP53W', 'B01HAGGJ2O', 'B07C3SC9SB', 'B01LVY2J67', 'B00M77CIXQ', 'B003YMYX5E', 'B01LW4GANT', 'B01LQKYYLI', 'B07CKFGGLY', 'B0185F1YLK', 'B07BZBSFPZ', 'B01LP5IG4U', 'B010B7Q40G', 'B00D3WV3VC', 'B0757699Z1', 'B00HPSCDBE', 'B07BHYST8M', 'B01N5AX2Y1', 'B07FTGR73R', 'B01LZV96MK', 'B0065PHDZE']",https://images-na.ssl-images-amazon.com/images/I/41aniNJbgML.jpg | https://images-na.ssl-images-amazon.com/images/I/51p4WobyWML.jpg | https://images-na.ssl-images-amazon.com/images/I/51OwnTeChLL.jpg,Venzo,"{""Product Dimensions"": ""13.1 x 8.5 x 4.7 inches; 2.9 Pounds""}","158,153 in Sports & Outdoors (","['B07CS1YRTN', 'B07BHXNL1J', 'B078WMCYXN', 'B01N41UQOL', 'B07BVP8NJP', 'B07CXHL59H', 'B01DEBU88U', 'B01MZHH85R', 'B07BLJDCMQ', 'B07BRY4L7W', 'B01N766P3K', 'B079K4T84W', 'B015T7IEEW', 'B07BR64N8V', 'B01MFA5MTJ', 'B07BYXMM78', 'B07C9D13LS', 'B00TLDX0T0', 'B0762QXCVY', 'B075JP784K', 'B00FQPZ4XW', 'B01EON0SSC', 'B01NAX6XGP', 'B00KBOLKXG', 'B07D1Z96R2', 'B07C3SC9SB', 'B07CR4VZWZ', 'B07C35VBL2', 'B07BSH6VNL', 'B00T4ZHSOI', 'B00TLG2Y12', 'B01N18MGTK', 'B07BFCBRMN', 'B0787949W7', 'B00NERH9MI', 'B072M1XTGN', 'B00H9N26RQ', 'B0719QM7FF', 'B00N36BAA2', 'B006ZNPB28', 'B07CMWQXPB', 'B07C1VSBW5', 'B076KLXH2Q', 'B00C4YTMMM', 'B07CF3HVF9', 'B01CC0A5QE', 'B000KC3Y0G', 'B018RISUVW', 'B015T7DQ4K', 'B00NB5S080', 'B0721DG72K', 'B015T7CWN6', 'B016XW0IFU', 'B076594632', 'B07C59VPXW', 'B076KSNNTD', 'B01B00PAMQ', 'B00T4Z2GTK', 'B00SZG9CUA']",,79,,,3.6 out of 5 stars,200
B00LUHJJUE,search,"Clothing, Shoes & Jewelry",,Superfs Women Batwing Sleeve Casual Long T-Shirt Oversized Tops Tee Blouse,[],https://images-na.ssl-images-amazon.com/images/I/61fSS4Ko3LL.jpg | https://images-na.ssl-images-amazon.com/images/I/51gdGaSrhsL.jpg | https://images-na.ssl-images-amazon.com/images/I/51Uje%2BkDNuL.jpg | https://images-na.ssl-images-amazon.com/images/I/51X7b72XIQL.jpg | https://images-na.ssl-images-amazon.com/images/I/51CSiKWCQnL.jpg | https://images-na.ssl-images-amazon.com/images/I/51zDjZgkR4L.jpg,Superfs,{},"4,634,373 in Clothing, Shoes & Jewelry (",[],,,,,3.4 out of 5 stars,200
B00OFHLQS4,search,"Clothing, Shoes & Jewelry",,"Amoin Women Off Shoulder A-line Strapless Loose Casual Dress [6068],X-Large,Pink",[],https://images-na.ssl-images-amazon.com/images/I/41P71UPXm6L.jpg,Amoin,{},"2,596,791 in Clothing, Shoes & Jewelry (",[],,,,,2.4 out of 5 stars,200